Tên cũ,Tên mới
a-1.webp,ly-giay-1.webp
a-2.webp,ly-giay-2.webp
a-3.webp,ly-giay-3.webp
a-4.webp,ly-giay-4.webp
a-5.webp,ly-giay-5.webp
a-6.webp,ly-giay-6.webp
a-7.webp,ly-giay-7.webp
a-8.webp,ly-giay-8.webp
a-9.webp,ly-giay-9.webp
a-10.webp,ly-giay-10.webp
a-11.webp,ly-giay-11.webp
a-12.webp,ly-giay-12.webp
a-13.webp,ly-giay-13.webp
a-14.webp,ly-giay-14.webp
a-15.webp,ly-giay-15.webp
a-16.webp,ly-giay-16.webp
a-17.webp,ly-giay-17.webp
a-18.webp,ly-giay-18.webp
a-19.webp,ly-giay-19.webp
a-20.webp,ly-giay-20.webp
a-21.webp,ly-giay-21.webp
a-22.webp,ly-giay-22.webp
a-23.webp,ly-giay-23.webp
a-24.webp,ly-giay-24.webp
a-25.webp,ly-giay-25.webp
a-26.webp,ly-giay-26.webp
a-27.webp,ly-giay-27.webp
a-28.webp,ly-giay-28.webp
a-29.webp,ly-giay-29.webp
a-30.webp,ly-giay-30.webp
a-31.webp,ly-giay-31.webp
a-32.webp,ly-giay-32.webp
a-33.webp,ly-giay-33.webp
a-34.webp,ly-giay-34.webp
a-35.webp,ly-giay-35.webp
a-36.webp,ly-giay-36.webp
a-37.webp,ly-giay-37.webp
a-38.webp,ly-giay-38.webp
a-39.webp,ly-giay-39.webp
a-40.webp,ly-giay-40.webp
a-41.webp,ly-giay-41.webp
a-42.webp,ly-giay-42.webp
a-43.webp,ly-giay-43.webp
a-44.webp,ly-giay-44.webp
a-45.webp,ly-giay-45.webp
a-46.webp,ly-giay-46.webp
a-47.webp,ly-giay-47.webp
a-48.webp,ly-giay-48.webp
a-49.webp,ly-giay-49.webp
a-50.webp,ly-giay-50.webp
a-51.webp,ly-giay-51.webp
a-52.webp,ly-giay-52.webp
a-53.webp,ly-giay-53.webp
a-54.webp,ly-giay-54.webp
a-55.webp,ly-giay-55.webp
a-56.webp,ly-giay-56.webp
a-57.webp,ly-giay-57.webp
a-58.webp,ly-giay-58.webp
a-59.webp,ly-giay-59.webp
a-60.webp,ly-giay-60.webp
a-61.webp,ly-giay-61.webp
a-62.webp,ly-giay-62.webp
a-63.webp,ly-giay-63.webp
a-64.webp,ly-giay-64.webp
a-65.webp,ly-giay-65.webp
a-66.webp,ly-giay-66.webp
a-67.webp,ly-giay-67.webp
a-68.webp,ly-giay-68.webp
a-69.webp,ly-giay-69.webp
a-70.webp,ly-giay-70.webp
a-71.webp,ly-giay-71.webp
a-72.webp,ly-giay-72.webp
a-73.webp,ly-giay-73.webp
a-74.webp,ly-giay-74.webp
a-75.webp,ly-giay-75.webp
a-76.webp,ly-giay-76.webp
a-77.webp,ly-giay-77.webp
a-78.webp,ly-giay-78.webp
a-79.webp,ly-giay-79.webp
a-80.webp,ly-giay-80.webp
a-81.webp,ly-giay-81.webp
a-82.webp,ly-giay-82.webp
a-83.webp,ly-giay-83.webp
a-84.webp,ly-giay-84.webp
a-85.webp,ly-giay-85.webp
a-86.webp,ly-giay-86.webp
a-87.webp,ly-giay-87.webp
a-88.webp,ly-giay-88.webp
b (1).webp,ly-giay-89.webp
b (2).webp,ly-giay-90.webp
b (3).webp,ly-giay-91.webp
b (4).webp,ly-giay-92.webp
b (5).webp,ly-giay-93.webp
b (6).webp,ly-giay-94.webp
b (7).webp,ly-giay-95.webp
b (8).webp,ly-giay-96.webp
b (9).webp,ly-giay-97.webp
b (10).webp,ly-giay-98.webp
b (11).webp,ly-giay-99.webp
b (12).webp,ly-giay-100.webp
b (13).webp,ly-giay-101.webp
b (14).webp,ly-giay-102.webp
b (15).webp,ly-giay-103.webp
b (16).webp,ly-giay-104.webp
b (17).webp,ly-giay-105.webp
b (18).webp,ly-giay-106.webp
b (19).webp,ly-giay-107.webp
b (20).webp,ly-giay-108.webp
b (21).webp,ly-giay-109.webp
b (22).webp,ly-giay-110.webp
b (23).webp,ly-giay-111.webp
b (24).webp,ly-giay-112.webp
b (25).webp,ly-giay-113.webp
b (26).webp,ly-giay-114.webp
b (27).webp,ly-giay-115.webp
b (28).webp,ly-giay-116.webp
b (29).webp,ly-giay-117.webp
b (30).webp,ly-giay-118.webp
b (31).webp,ly-giay-119.webp
b (32).webp,ly-giay-120.webp
b (33).webp,ly-giay-121.webp
b (34).webp,ly-giay-122.webp
b (35).webp,ly-giay-123.webp
b (36).webp,ly-giay-124.webp
b (37).webp,ly-giay-125.webp
b (38).webp,ly-giay-126.webp
b (39).webp,ly-giay-127.webp
b (40).webp,ly-giay-128.webp
b (41).webp,ly-giay-129.webp
b (42).webp,ly-giay-130.webp
b (43).webp,ly-giay-131.webp
b (44).webp,ly-giay-132.webp
b (45).webp,ly-giay-133.webp
b (46).webp,ly-giay-134.webp
b (47).webp,ly-giay-135.webp
b (48).webp,ly-giay-136.webp
b (49).webp,ly-giay-137.webp
